{"forum":" ","aplikasi":{"fwallet":{"msg":"enjoy","stat":"1","versi":"2.0","link":"https:\/\/wegner.tech\/0HqI","wr":null},"storm":{"msg":"enjoy","stat":"1","versi":"1.0","link":"","wr":null},"crypto":{"msg":"ready skrip storm premium","stat":"1","versi":"1.5","link":"https:\/\/wegner.tech\/MNevDGU"},"buzzbreak":{"msg":"enjoy","stat":"1","versi":"1.0.6.10","link":"https:\/\/sfile.mobi\/9APFxiEJAQC","wr":null},"goprix":{"msg":"ready skrip money cube premium ! join group","stat":"1","versi":"1.0","link":"https:\/\/sfile.mobi\/70wL7eRA2WB"},"buckreward":{"msg":"beta tes","stat":"1","versi":"1.0","link":""},"gifto":{"msg":"beta tes","stat":"1","versi":"1.0","link":""},"clipclap":{"msg":"clipclap beta tes","stat":"1","versi":"1.0","link":""},"daily":{"msg":"beta tes","stat":"1","versi":"1.0","link":""},"money-cube":{"msg":"versi 2.6 stabil","stat":"1","versi":"2.6","link":"hubungi admin"},"cashzine":{"msg":"beta tes","stat":"1","versi":"1.0","link":""},"btc-winner":{"msg":"beta tes","stat":"1","versi":"1.0","link":""},"storm-x":{"msg":"enjoy","stat":"1","versi":"1.0","link":"","wr":null},"myelbux":{"msg":"enjoy","stat":"1","versi":"1.1","link":"https:\/\/wegner.tech\/hjxvh","wr":"1"},"flower-crane":{"msg":"beta tes","stat":"1","versi":"1.0","link":""},"freeb.tc":{"msg":"beta tes","stat":"1","versi":"1.0","link":"","wr":"1"},"bigtoken":{"msg":"tester","stat":"1","versi":"2.0","link":"","wr":"1"}}}